Absorvente ALWAYS BÁSICA C/8 PT;R$ 2,80 
Absorvente ALWAYS BÁSICA COM ABAS C/8 PT;R$ 2,61 
Absorvente INTIMUS GEL SOFT NORMAL S/ABAS C/08 PT;R$ 2,31 
Absorvente INTIMUS OB MINI C/10 CX;R$ 5,60 
Absorvente SEMPRE LIVRE AG.N. TOQUE SUAVE C/ ABAS C/08;R$ 3,08 
Absorvente SEMPRE LIVRE AG.N. TOQUE SUAVE S/ ABAS C/8 PT;R$ 3,08 
Açúcar Cristal MINASCUCAR 2KG PT;R$ 3,89 
Açúcar Cristal MINASCUCAR 5KG PT;R$ 7,79 
Açúcar Refinado UNIÃO 1KG PT;R$ 2,39 
Água MINERAL COM GÁS MINALBA 1L FR;R$ 1,99 
Água MINERAL MINALBA 1500ML FR;R$ 1,59 
Água NATURAL IGARAPE 1500ML FR;R$ 1,78 
Água TÔNICA ANTARCTICA 350ML LT;R$ 1,39 
Água TÔNICA SCHWEPPES 350ML LT;R$ 1,59 
ARROZ AG CAMIL T1 5KG PT;R$ 11,30 
ARROZ AG PARBOILIZADO TIO JOAO T1 5KG PT;R$ 11,99 
ARROZ AG PARBOILIZADO UNCLE BENS T1 5KG PT;R$ 13,08 
ARROZ AG PRATO FINO T1 5KG PT;R$ 13,07 
ARROZ AG TIA JU T1 5KG PT;R$ 8,98 
ARROZ AG TIO JOÃO T1 5KG PT;R$ 13,01 
CERA PASTA GRAN PRIX EXTREME 200G LT;R$ 17,60 
CERA PASTA GRAN PRIX TRADICIONAL 200G LT;R$ 17,31 
AZEITE COCINERO 500ML;R$ 9,94 
AZEITE ESPANHOL CARBONELL 500ML LT;R$ 14,74 
AZEITE PORTUGUES ANDORINHA 500ML LT;R$ 12,97 
AZEITE PORTUGUÊS GALLO 200ML LT;R$ 8,36 
AZEITE PORTUGUES GALLO 500ML LT;R$ 13,05 
APARELHO GILLETTE MACH 3 TURBO C/ CARGA - UN;R$ 25,70 
APARELHO GILLETTE SENSOR 3 - UN;R$ 42,99 
CARGA MACH 3 C/2 CT;R$ 16,19 
CARGA MACH 3 C/4 CT;R$ 31,43 
CARGA SENSOR C/2 CT;R$ 9,26 
CARGA SENSOR EXCEL C/2 CT;R$ 10,24 
ESPUMA DE BARBEAR GILLETTE FOAMY ALOE Y ALANTOINA 150G TB;R$ 18,49 
GEL DE BARBEAR GILLETTE SERIES SENSITIVE SKIN 198G TB;R$ 27,24 
FOSFORO FIAT LUX COZINHA FORTES C/240 CX;R$ 2,56 
FOSFORO FIAT LUX TRADICIONAL PINHEIRO C/10 CX;R$ 2,56 
LAMPADA BELLALUX OSRAM 100WX127V 697 UN;R$ 2,50 
LAMPADA BELLALUX OSRAM 40WX127V 693 UN;R$ 2,84 
LAMPADA FLUORESCENTE OSRAM 20W 000 UN;R$ 9,84 
LAMPADA FLUORESCENTE OSRAM 40W 001 UN;R$ 9,67 
PALITO GINA C/200 PT;R$ 1,29 
PILHA DURACELL PEQUENA AA ULTRA C/2 CT;R$ 6,52 
PILHA RAYOVAC PEQUENA C/4 CT;R$ 4,19 
BISCOITO AGUA E SAL AYMORÉ 200G PT;R$ 1,45 
BISCOITO AMANTEIGADO AYMORÉ SABORES 400G;R$ 2,99 
BISCOITO BONO NESTLÉ CHOCOLATE 200G PT;R$ 1,96 
BISCOITO CLUB SOCIAL NABISCO 156G UN;R$ 2,78 
BISCOITO CREAM CRACKER AYMORÉ 200G PT;R$ 1,43 
BISCOITO DE COCO AYMORÉ 200G PT;R$ 2,62 
BISCOITO MAIZENA AYMORÉ 200G PT;R$ 1,56 
BISCOITO MARIA AYMORÉ 200G PT;R$ 1,43 
BISCOITO MINI WAFFER PASSATEMPO CHOCOLATE 40G PT;R$ 0,80 
BISCOITO RECHEADO AYMORÉ SABORES 180G PT;R$ 1,35 
BISCOITO RECHEADO COLORIDO TRAKINAS SABORES 164G PT;R$ 1,96 
BISCOITO RECHEADO DE CHOC DANIX 170G PT;R$ 1,62 
BISCOITO RECHEADO DE CHOCOLATE NESCAU NESTLÉ 165G PT;R$ 2,90 
BISCOITO RECHEADO PASSATEMPO 165G PT;R$ 2,13 
BISCOITO RECHEADO PRESTIGIO NESTLÉ 165G PT;R$ 2,90 
BISCOITO SALPET AYMORÉ 200G PT;R$ 2,01 
BISCOITO WAFFER AYMORÉ SABORES 160G PT;R$ 1,47 
BISCOITO WAFFER DE CHOCOLATE BAUDUCCO 165 G PT;R$ 2,12 
BISCOITO WAFFER DE CHOCOLATE BONO 150G PT;R$ 2,58 
BISCOITO WAFFER DE MORANGO MARILAN 140G PT;R$ 1,57 
TORRADA BAUDUCCO LEV SALG 160G;R$ 2,37 
BOMBOM GAROTO 400G CX;R$ 7,38 
BOMBOM LACTA GRANDES SUCESSOS 400G CX;R$ 7,81 
BOMBOM NESTLÉ ESPECIALIDADES 400G CX;R$ 7,42 
CHICLETE ADAMS BUBBALOO SORTIDO C/10 PT;R$ 2,85 
CHICLETE ADAMS TRIDENT CAN C/4 PT;R$ 5,29 
CHOCOLATE GAROTO BATON BRANCO C/5 80G PT;R$ 3,14 
CHOCOLATE GAROTO BATON C/5 80G PT;R$ 3,14 
CHOCOLATE GAROTO SABORES 180G TL;R$ 4,38 
CHOCOLATE LACTA BIS 140G C/20 CX;R$ 3,48 
CHOCOLATE LACTA BIS LAKA 140G C/20 CX;R$ 3,48 
CHOCOLATE LACTA SABORES 170G TL;R$ 4,59 
CHOCOLATE NESTLÉ CHARGE C/3 120G PT;R$ 3,87 
CHOCOLATE NESTLÉ CHOKITO C/3 120G PT;R$ 3,87 
CHOCOLATE NESTLÉ SABORES 160G TL;R$ 4,92 
CHOCOLATE NESTLÉ SUFLAIR LEITE 130G TL;R$ 4,92 
CONFETI DE AMENDOIM M&M 49G C/2 PT;R$ 2,03 
CONFETI DE CHOCOLATE M&M 52G C/2 PT;R$ 2,03 
CONFETI LACTA CONFETI 80G PT;R$ 4,77 
DROPS HALLS SABORES C/3 111G PT;R$ 3,95 
PASTILHA TIC TAC LARANJA 16G UN;R$ 1,56 
PASTILHA TIC TAC MENTA 16G UN;R$ 1,56 
CARNE BOVINA ACEM PEDAÇO KG;R$ 10,59 
CARNE BOVINA ALCATRA PECA KG;R$ 17,46 
CARNE BOVINA CHA DE DENTRO PEDAÇO KG;R$ 16,95 
CARNE BOVINA CHA DE FORA PEDAÇO KG;R$ 14,49 
CARNE BOVINA CONTRA FILET PEDAÇO KG;R$ 21,91 
CARNE BOVINA FILET MIGNON KG;R$ 31,62 
CARNE BOVINA FRALDINHA TRADICIONAL KG;R$ 15,30 
CARNE BOVINA LAGARTO KG;R$ 16,89 
CARNE BOVINA MAMINHA TRADICIONAL KG;R$ 20,93 
CARNE BOVINA PATINHO PEDAÇO KG;R$ 17,06 
CARNE BOVINA PICANHA KG;R$ 26,90 
CARNE SUINA COSTELINHA KG;R$ 14,78 
CARNE SUINA LOMBO KG;R$ 17,83 
CARNE SUINA PERNIL COM OSSO KG;R$ 7,99 
CERA LIMPA LAVANDA OPTIMUM 500ML FR;R$ 5,55 
CERA LIMPA MADEIRA FOLHAS SECAS OPTIMUM 500ML FR;R$ 5,55 
CERA LIQUIDA AMARELA BRAVO CLASSIC 750ML FR;R$ 7,60 
CERA LIQUIDA AMARELA INGLEZA MAX 750ML FR;R$ 7,44 
CERA LIQUIDA ARDÓSIA INCOLOR INGLEZA MAX 850ML LT;R$ 7,32 
CERA LIQUIDA INCOLOR BRAVO CLASSIC 750ML FR;R$ 8,27 
CERA LIQUIDA INCOLOR BRAVO FLASH 750ML FR;R$ 9,46 
CERA LIQUIDA INCOLOR BRILHO FACIL 750ML FR;R$ 7,43 
CERA LIQUIDA INCOLOR BRILHOWAX 850ML LT;R$ 6,84 
CERA LIQUIDA INCOLOR INGLEZA AUTO BRILHO 850ML FR;R$ 8,47 
CERA LIQUIDA INCOLOR POLIFLOR PRATIC 750ML FR;R$ 7,71 
CERA LIQUIDA TACOLAC TRADIÇÃO 500ML FR;R$ 7,72 
CERA LIQUIDA VERDE INGLEZA MAX 750ML FR;R$ 7,58 
LUSTRA MÓVEIS BRAVO JOHNSON JASMIM 200ML FR;R$ 5,14 
LUSTRA MÓVEIS CREMOSO BRILHOL 500ML FR;R$ 3,19 
LUSTRA MÓVEIS POLIFLOR JASMIM 200ML FR;R$ 4,96 
CERVEJA ANTARCTICA 350ML LT;R$ 1,80 
CERVEJA ANTARCTICA SUB ZERO 473ML LT;R$ 1,92 
CERVEJA BAVARIA 350ML LT;R$ 1,19 
CERVEJA BOHEMIA 350ML LT;R$ 2,16 
CERVEJA BOHEMIA LONG NECK 355ML GF;R$ 2,21 
CERVEJA BRAHMA 350ML LT;R$ 1,88 
CERVEJA BRAHMA CHOPP 473ML LT;R$ 2,17 
CERVEJA BRAHMA EXTRA LONG NECK 355ML GF;R$ 2,15 
CERVEJA BRAHMA LONG NECK 355ML GF;R$ 2,01 
CERVEJA BRAHMA MALZBIER LONG NECK 355ML GF;R$ 2,51 
CERVEJA BUDWEISER LATA 350 ML;R$ 2,10 
CERVEJA BUDWEISER LONG NECK 343 ML;R$ 2,30 
CERVEJA CARACU 350ML LT;R$ 2,37 
CERVEJA HEINEKEN 350ML LT;R$ 2,25 
CERVEJA HEINEKEN LONG NECK 355ML GF;R$ 2,38 
CERVEJA ITAIPAVA 350ML LT;R$ 1,45 
CERVEJA ITAIPAVA 473ML LT;R$ 1,93 
CERVEJA KAISER 350ML LT;R$ 1,34 
CERVEJA KAISER PILSEN 473ML LT;R$ 1,63 
CERVEJA KAISER SUMMER DRAFT LONG NECK 355ML GF;R$ 2,36 
CERVEJA KRONENBIER 350ML LT;R$ 2,36 
CERVEJA NOVA SCHIN 350ML LT;R$ 1,46 
CERVEJA NOVA SCHIN 473ML LT;R$ 1,76 
CERVEJA SKOL 350ML LT;R$ 1,88 
CERVEJA SKOL 473ML LT;R$ 2,21 
CERVEJA SKOL LONG NECK 355ML GF;R$ 1,99 
CERVEJA STELLA ARTOIS 275ML GF;R$ 2,51 
CONDICIONADOR ELSEVE HYDRA MAX 200ML FR;R$ 9,63 
CONDICIONADOR GOLD NIELY EXTRA BRILHO 200ML FR;R$ 6,41 
CONDICIONADOR MONANGE SEM SAL 350ML FR;R$ 5,36 
CONDICIONADOR OX PLANTS TODOS TIPOS DE CABELO 240ML FR;R$ 12,28 
CONDICIONADOR PALMOLIVE NATURALS NEUTRO 350ML FR;R$ 6,62 
CONDICIONADOR PANTENE CUIDADO CLÁSSICO 200ML FR;R$ 11,06 
CONDICIONADOR SEDA KERAFORCE 350ML FR;R$ 6,67 
ESCONDIDINHO DE CARNE MOÍDA SADIA 600G CX;R$ 11,40 
FILÉ DE FRANGO PARMEGIANA SADIA 550G CX;R$ 11,40 
LASANHA PIF PAF A BOLONHESA 650G CX;R$ 6,48 
LASANHA SADIA SABORES 650G PT;R$ 10,21 
MEU MENU PERDIGÃO 350G;R$ 5,53 
NHOQUE À BOLONHESA PERDIGÃO 500G CX;R$ 5,99 
NHOQUE À BOLONHESA SADIA 650G PT;R$ 9,98 
PIZZA APRECIATTA PERDIGÃO SABORES 440G CX;R$ 8,99 
PIZZA DE PRESUNTO, MUSSARELA E CHAMPIGNON SADIA 460G CX;R$ 9,65 
PIZZA PIF PAF SABORES 460G CX;R$ 6,82 
PIZZA SADIA SABORES 440G CX;R$ 9,52 
RECHEADO NAPOLITANO PERDIGÃO 500G CX;R$ 14,30 
STROGONOFF DE CARNE SADIA 600G CX;R$ 11,30 
STROGONOFF DE FRANGO SADIA 600G CX;R$ 11,30 
TORTA DE FRANGO COM CATUPIRY SADIA 700G CX;R$ 11,85 
YAKISSOBA SADIA 600G CX;R$ 11,60 
SORVETE CHICABON KIBON 2L PO;R$ 18,37 
SORVETE KIBON SABORES 2L PO;R$ 16,87 
SORVETE NESTLÉ SABORES 2L PO;R$ 16,24 
BATATA PALITO PERDIGÃO 500G PT;R$ 4,01 
CHICKEN FILLET PERDIGÃO 580G CX;R$ 3,48 
KIBE PERDIGÃO 500G CX;R$ 13,19 
KIBE SADIA 500G PT;R$ 11,46 
NUGGETS DE FRANGO SADIA 300G CX;R$ 6,45 
ALMONDEGA BOVINA SADIA 500G CX;R$ 11,48 
ALMONDEGA DE FRANGO SADIA 500G CX;R$ 11,48 
ASA DE FRANGO SADIA CONGELADA 1KG PT;R$ 10,77 
CORAÇÃO DE FRANGO CONGELADO PERDIGÃO 1KG BD;R$ 12,19 
COXA DE FRANGO CONGELADA SADIA 1KG BD;R$ 9,27 
COXA DE FRANGO RESFRIADA SADIA 1KG PT;R$ 8,82 
COXA SOBRE COXA DE FRANGO CONGELADA SADIA 1KG PT;R$ 10,19 
FILÉ DE PEITO DE FRANGO CONGELADO SADIA 1KG PT;R$ 13,14 
FRANGO À PASSARINHO S/ TEMPERO SADIA 1KG PT;R$ 9,74 
FRANGO RESFRIADO - KG;R$ 5,61 
HAMBURGUER BOVINO PERDIGÃO 672G CX;R$ 9,33 
HAMBURGUER BOVINO PIF PAF 672G CX;R$ 9,66 
HAMBURGUER BOVINO SADIA 672G CX;R$ 11,99 
HAMBURGUER DE CHESTER PERDIGÃO 672G CX;R$ 10,81 
HAMBURGUER DE FRANGO PERDIGÃO 672G CX;R$ 9,28 
HAMBURGUER DE FRANGO PIF PAF 672G CX;R$ 8,25 
HAMBURGUER DE FRANGO SADIA 672G CX;R$ 11,59 
HAMBURGUER DE PERU LIGHT E ELEGANT PERDIGÃO 672G CX;R$ 8,98 
HAMBURGUER DE PERU SADIA VITA LIGHT 672G CX;R$ 14,20 
PÃO DE QUEIJO COQUETEL MARICOTA 412G PT;R$ 3,78 
PÃO DE QUEIJO FORNO DE MINAS COQUETEL 400G PT;R$ 5,59 
PÃO DE QUEIJO FORNO DE MINAS GOURMET 300G PT;R$ 5,29 
PÃO DE QUEIJO FORNO DE MINAS LANCHE 1KG PT;R$ 13,34 
PÃO DE QUEIJO FORNO DE MINAS TRADICIONAL 400G;R$ 5,59 
PÃO DE QUEIJO MARICOTA 412G PT;R$ 3,33 
PÃO DE QUEIJO PIF PAF 400G PT;R$ 2,31 
PÃO DE QUEIJO SADIA 400G PT;R$ 4,39 
PÃO DE QUEIJO TRADICIONAL ASSADO FORNO DE MINAS 240G;R$ 5,30 
PEITO DE FRANGO CONGELADO SADIA 1KG PT;R$ 11,94 
SOBRECOXA DE FRANGO CONGELADA SADIA 1KG BD;R$ 8,62 
ERVILHA BONDUELLE 200 LT;R$ 1,81 
MILHO VERDE BONDUELLE 200 LT;R$ 1,80 
MILHO VERDE SWIFT 200G LT;R$ 1,76 
MILHO VERDE TWIST 200G LT;R$ 3,73 
CREME DE LEITE ITAMBÉ 300G LT;R$ 2,68 
CREME DE LEITE NESTLE 200G TP;R$ 2,06 
CREME DE LEITE NESTLÉ 300G LT;R$ 3,51 
LEITE CONDENSADO CEMIL 395G TP;R$ 2,46 
LEITE CONDENSADO ITALAC 395G TP;R$ 2,65 
LEITE CONDENSADO ITAMBÉ 395G LT;R$ 2,79 
LEITE CONDENSADO MOÇA 395G LT;R$ 3,31 
MOÇA FIESTA BRIGADEIROS 385G LT;R$ 7,80 
CATCHUP TRADICIONAL ARISCO 390G FR;R$ 4,22 
CATCHUP TRADICIONAL ETTI 400G FR;R$ 3,21 
EXTRATO DE TOMATE CAJAMAR 650G LT;R$ 2,62 
EXTRATO DE TOMATE ELEFANTE KNORR CICA 340G LT;R$ 3,23 
EXTRATO DE TOMATE ETTI 350G LT;R$ 2,78 
KETCHUP PICANTE HELLMANN S PIC 400G FR;R$ 5,33 
KETCHUP TRADICIONAL HELLMANN S PIC 400G FR;R$ 5,33 
MOLHO À BOLONHESA POMAROLA 340G LT;R$ 2,69 
MOLHO DE TOMATE AO SUGO SALSARETTI 340G LT;R$ 3,04 
MOLHO DE TOMATE COM PARMESÃO SALSARETTI 340G LT;R$ 3,29 
MOLHO DE TOMATE TRADICIONAL POMAROLA 340G LT;R$ 3,00 
MOLHO DE TOMATE TRADICIONAL SALSARETTI 340G LT;R$ 2,75 
MOLHO DE TOMATE TRADICIONAL TARANTELLA 340G LT;R$ 2,71 
MOSTARDA ETTI 200G FR;R$ 3,46 
MOSTARDA HELLMANN S PIC 200G FR;R$ 4,08 
POLPA DE TOMATE ARISCO TOMATO 520G TP;R$ 3,68 
POLPA DE TOMATE CICA POMODORO 520G TP;R$ 3,74 
DESINFETANTE DE EUCALIPTO KALIPTO 750ML FR;R$ 2,19 
DESINFETANTE PINHO BRIL PLUS 500ML FR;R$ 2,91 
DESINFETANTE PINHO SOL ORIGINAL 500ML FR;R$ 3,26 
DESINFETANTE PINHO TROP 500ML FR;R$ 2,63 
DESODORANTE AEROSOL BÍ-O SOFT 150ML TB;R$ 9,44 
DESODORANTE AEROSOL DOVE ANTITRANSPIRANTE SILK 169ML TB;R$ 11,91 
DESODORANTE AEROSOL MONANGE S/ PERFUME 150ML TB;R$ 8,32 
Desodorante Aerosol NIVEA For Men SPORT 92g;R$ 9,59 
Desodorante Aerosol REXONA FEM Citrus 105g;R$ 9,87 
DESODORANTE AXE AEROSOL FUSION 113G FR;R$ 8,55 
DESODORANTE AXE COMPACT FUSION 90ML FR;R$ 7,97 
DESODORANTE GILLETTE SERIES CLEAR GEL COOL WAVE 85G FR;R$ 12,20 
DESODORANTE ROLL ON AXE CONVICTION 50ML FR;R$ 7,53 
DESODORANTE ROLL ON DOVE ANTITRANSPIRANTE 50ML FR;R$ 8,20 
DESODORANTE ROLL ON NIVEA SENSITIVE 50ML VD;R$ 6,85 
DESODORANTE SPRAY NIVEA SQUEEZE REG 90ML FR;R$ 3,62 
DESODORANTE SPRAY REXONA POWDER 90ML FR;R$ 5,92 
AGUARDENTE PIRASSUNUNGA 51 965ML GF;R$ 6,18 
AGUARDENTE SELETA 600ML;R$ 22,50 
APERITIVO BITTER CAMPARI 900ML GF;R$ 30,24 
APERITIVO MALIBU 700ML GF;R$ 29,17 
APERITIVO SAN REMY 750ML GF;R$ 25,25 
APERITIVO TEQUILA J CUERVO ESPECIAL REPOSADO 750ML GF;R$ 69,83 
CONHAQUE DOMECQ 1L GF;R$ 23,53 
CONHAQUE DREHER 900ML GF;R$ 11,99 
GIN SEAGERS 980ML GF;R$ 27,96 
LICOR AFRICANO AMARULA 750ML GF;R$ 65,61 
LICOR COINTREAU 700ML GF;R$ 62,14 
LICOR DE CHOCOLATE STOCK 720ML GF;R$ 31,53 
LICOR DE MENTA STOCK 720ML GF;R$ 31,53 
RON BACARDI BIG APPLE 750ML GF;R$ 25,56 
RON BACARDI CARTA BLANCA 980ML GF;R$ 26,38 
RON BACARDI CARTA ORO 980ML GF;R$ 26,38 
RON MONTILA CARTA CRISTAL 1000ML GF;R$ 18,68 
RON MONTILA CARTA OURO 1000ML GF;R$ 18,68 
VERMOUT MARTINI BIANCO 900ML GF;R$ 17,13 
VERMOUT MARTINI DRY 900ML GF;R$ 17,13 
DETERGENTE EM PÓ ACE 1kg PT;R$ 5,14 
DETERGENTE EM PÓ ARIEL OXI AZUL MAX 1kg CX;R$ 6,48 
DETERGENTE EM PÓ OMO Multi-Ação 1kg CX;R$ 6,77 
DETERGENTE EM PÓ OMO Multi-Ação 500G CX;R$ 4,31 
DETERGENTE EM PÓ OMO PROGRESS 1kg CX;R$ 7,94 
DETERGENTE EM PÓ OMO TANQUINHO 1kg CX;R$ 6,70 
DETERGENTE EM PÓ SURF 1kg CX;R$ 4,72 
DETERGENTE EM PÓ TANTO 1kg CX;R$ 4,65 
DETERGENTE EM PÓ TIXAN YPE PRIMAVERA 1kg CX;R$ 5,14 
LAVA ROUPA EM PÓ BRILHANTE FRESH 1kg PT;R$ 5,53 
ALCOOL GEL VEJA CRYSTAL 500G FR;R$ 4,59 
DETERGENTE LIQUIDO LIMPOL FRAGRÂNCIAS 500ML FR;R$ 1,28 
DETERGENTE LIQUIDO MINUANO FRAGRÂNCIAS 500ML FR;R$ 1,22 
DETERGENTE LIQUIDO YPE FRAGRÂNCIAS 500ML FR;R$ 1,31 
LIMPA VIDRO UAU INGLEZA 500ML FR;R$ 3,88 
LIMPA VIDRO VEJA CRISTAL PULVERIZADOR 500ML FR;R$ 10,40 
LIMPA VIDRO VEJA CRISTAL REFIL 500ML FR;R$ 5,51 
LIMPADOR DESENGORDURANTE AJAX 500ML FR;R$ 3,58 
LIMPADOR DESENGORDURANTE VEJA COZINHA 500ML FR;R$ 6,72 
LIMPADOR LIMPEZA GERAL AJAX FLORES LAVANDA 500ML FR;R$ 3,89 
LIMPADOR LIMPEZA PESADA ORIGINAL VEJA 500ML FR;R$ 3,81 
LIMPADOR MULTI USO ORIGINAL VEJA NEUTRO 500ML FR;R$ 3,31 
LIMPADOR MULTI USO UAU INGLEZA TRADICIONAL 500ML FR;R$ 2,83 
LIMPADOR MULTI USO VEJA X-14 BANHEIRO 500ML FR;R$ 7,20 
ACHOCOLATADO EM PÓ TODDY LIGHT 400G PO;R$ 7,45 
ACHOCOLATADO NESCAU LIGHT 400G LT;R$ 8,05 
Adoçante ASSUGRIN 100ML FR;R$ 2,34 
Adoçante DOCE MENOR 100ML FR;R$ 3,07 
Adoçante FINN C/50EV 0.8G CX;R$ 9,20 
Adoçante FINN CRISTAL 100ML FR;R$ 4,92 
Adoçante GOLD ASPARTAME 65ML FR;R$ 7,97 
Adoçante GOLD ASPARTAME C/50EV 0.8G CX;R$ 6,34 
Adoçante ZERO CAL 100ML FR;R$ 3,74 
Adoçante ZERO CAL 50 ENVELOPES 0,8G PT;R$ 8,63 
PUDIM DE BAUNILHA DR. OETKER DIET 25G CX;R$ 2,50 
PUDIM DE CHOCOLATE ROYAL DIET 35G PCT;R$ 2,19 
REFRESCO DIET CLIGHT SABORES 10G PT;R$ 0,91 
ALIMENTO A BASE DE GLICOSE YOKI 360G VD;R$ 7,22 
CREME DE AVELÃ NUTELLA 200G;R$ 6,24 
DOCE DE LEITE DE CHOCOLATE ITAMBÉ 800G LT;R$ 8,39 
DOCE DE LEITE DE COCO ITAMBÉ 800G LT;R$ 8,60 
DOCE DE LEITE ITAMBÉ 800G LT;R$ 8,60 
GELÉIA DE MORANGO QUEENSBERRY 320G;R$ 11,85 
GOIABADA FUGINI 600G LT;R$ 6,48 
LINGUIÇA CALABRESA COZIDA SADIA 500G PT;R$ 12,81 
LINGUIÇA DE CARNE SUÍNA SADIA 500G PT;R$ 13,13 
LINGÜIÇA PORTUGUESA SADIA 400G PT;R$ 9,80 
PRESUNTO TIPO PARMA SADIA FATIADO 100G PT;R$ 10,85 
SALAME ITALIANO PERDIGÃO FATIADO 100G CT;R$ 6,98 
SALAME ITALIANO SADIA FATIADO 100G CT;R$ 5,99 
SALSICHA DE FRANGO LIGHT VITA LIGHT SADIA 500G PT;R$ 8,90 
SALSICHA DE FRANGO PERDIGÃO 500G PT;R$ 6,53 
SALSICHA HOT DOG PERDIGÃO 500G PT;R$ 6,38 
SALSICHA HOT DOG SADIA 500G PT;R$ 7,31 
ATUM RALADO COQUEIRO 170G LT;R$ 4,60 
ATUM RALADO GOMES DA COSTA 170G LT;R$ 3,96 
ATUM SOLIDO COQUEIRO 170G LT;R$ 5,30 
ATUM SOLIDO GOMES DA COSTA 170G LT;R$ 4,80 
FILÉ DE SARDINHA EM OLÉO GOMES COSTA 125G CX;R$ 6,19 
PATÊ DE ATUM GOMES DA COSTA 150G;R$ 6,37 
SARDINHA EM OLÉO COQUEIRO 130G LT;R$ 3,02 
SARDINHA EM OLÉO GOMES DA COSTA 130G LT;R$ 2,96 
AMENDOIM PINK 500G PT;R$ 7,23 
AMENDOIM YOKI 500G PT;R$ 6,62 
CANJICA BRANCA PINK 500G PT;R$ 2,17 
CANJICA BRANCA YOKI 500G PT;R$ 2,96 
CANJIQUINHA PINK 500G PT;R$ 1,69 
CANJIQUINHA YOKI 500G PT;R$ 2,49 
FARINHA DE MANDIOCA CRUA PINK 1KG PT;R$ 5,77 
FARINHA DE MANDIOCA CRUA YOKI 1KG PT;R$ 4,24 
FARINHA DE MANDIOCA TORRADA PINK 1KG PT;R$ 6,26 
FARINHA DE MANDIOCA TORRADA YOKI 500G PT;R$ 2,99 
FARINHA DE MILHO AMARELA YOKI 500G PT;R$ 2,36 
FARINHA DE MILHO PINK 500G PT;R$ 2,31 
FARINHA DE TRIGO ESPECIAL BOA SORTE 1KG PT;R$ 2,41 
FARINHA DE TRIGO ESPECIAL COM FERM BOA SORTE 1KG PT;R$ 2,35 
FARINHA DE TRIGO ESPECIAL COM FERM VILMA 1KG PT;R$ 2,87 
FARINHA DE TRIGO ESPECIAL DONA BENTA 1KG PT;R$ 2,98 
FARINHA DE TRIGO ESPECIAL FERM DONA BENTA 1KG PT;R$ 3,48 
FARINHA DE TRIGO ESPECIAL VILMA 1KG PT;R$ 2,71 
FAROFA PRONTA DE MANDIOCA YOKI 500G PT;R$ 3,31 
FAROFA PRONTA DE MILHO YOKI 500G PT;R$ 3,88 
FEIJÃO BRANCO PINK 500G PT;R$ 3,88 
FEIJÃO CARIOCA PINK 1KG PT;R$ 7,41 
FEIJÃO CARIOCA TRYUMPHO 1KG PT;R$ 6,77 
FEIJÃO JALO PINK 1KG PT;R$ 8,35 
FEIJÃO JALO TRYUMPHO 1KG PT;R$ 8,14 
FEIJÃO PRETO PINK 1KG PT;R$ 4,72 
FEIJÃO PRETO TRYUMPHO 1KG PT;R$ 4,54 
FUBA PINK 1KG;R$ 1,79 
FUBA SINHA 1KG;R$ 1,67 
LENTILHA YOKI 500G PT;R$ 6,84 
MILHARINA QUAKER 500G PT;R$ 2,68 
MILHO PARA PIPOCA YOKI 500G PT;R$ 2,57 
MISTURA PARA PÃO DE QUEIJO YOKI 250G PT;R$ 3,60 
PIPOCA PARA MICROONDAS NATURAL YOKI 100G PT;R$ 1,59 
POLVILHO AZEDO MARINEZ 1KG PT;R$ 5,98 
POLVILHO AZEDO PINK 1KG PT;R$ 5,74 
POLVILHO DOCE MARINEZ 1KG PT;R$ 5,78 
POLVILHO DOCE PINK 1KG PT;R$ 6,12 
FRALDA PAMPERS SUPERSEC PACOTÃO G C/28 PT;R$ 21,74 
FRALDA PAMPERS SUPERSEC PACOTÃO M C/32 PT;R$ 21,74 
FRALDA PAMPERS SUPERSEC PACOTÃO P C/36 PT;R$ 21,74 
FRALDA TURMA DA MÔNICA TRIPLA PROTEÇÃO SUPER GEL EG C/08 PT;R$ 19,52 
FRALDA TURMA DA MÔNICA TRIPLA PROTEÇÃO SUPER GEL G C/09 PT;R$ 19,52 
FRALDA TURMA DA MÔNICA TRIPLA PROTEÇÃO SUPER GEL M C/10 PT;R$ 19,52 
FRALDA TURMA DA MÔNICA TRIPLA PROTEÇÃO SUPER GEL P C/11 PT;R$ 19,52 
ABACAXI UN;R$ 6,40 
BANANA PRATA KG;R$ 4,72 
LARANJA PERA KG;R$ 2,08 
LIMÃO TAHITI KG;R$ 2,19 
MAÇÃ NACIONAL VERMELHA FUJI ESP KG;R$ 6,12 
MAMAO FORMOSA KG;R$ 3,57 
MAMAO HAVAI KG;R$ 3,96 
MANGA HADEM KG;R$ 12,44 
MELANCIA KG;R$ 1,50 
MELAO KG;R$ 3,39 
CREME ANTI RUGAS NIVEA VISAGE Q10 NOTURNO 49G PO;R$ 47,96 
CREME DE TRATAMENTO SEDA KERAFORCE 450G PO;R$ 8,00 
GEL FIXADOR BOZZANO AZUL 300G PO;R$ 9,53 
LEITE DE ROSAS 170ML FR;R$ 4,24 
LEITE HIDRATANTE AVEIA DAVENE CLASSIC 180ML FR;R$ 5,73 
LEITE HIDRATANTE CORPO A CORPO NATURAL 200ML FR;R$ 4,56 
LEITE HIDRATANTE MONANGE FINAL FANTASTIC 200ML FR;R$ 5,67 
LOÇÃO HIDRATANTE NIVEA SOFT MILK PELE SECA 200ML FR;R$ 7,79 
PROTETOR SOLAR NIVEA FPS15 125ML FR;R$ 23,70 
PROTETOR SOLAR SUNDOWN N15 120ML FR;R$ 24,33 
PROTETOR SOLAR SUNDOWN N20 120ML FR;R$ 33,49 
TINTURA BIOCOLOR ACAJÚ CLARO 44 40ML CX;R$ 11,53 
TINTURA BIOCOLOR CASTANHO NATURAL 4.0 CX;R$ 11,53 
TINTURA BIOCOLOR LOURO NATURAL 7.0 CX;R$ 11,53 
TINTURA IMEDIA CASTANHO NATURAL 4 CX;R$ 19,89 
TINTURA IMEDIA LOURO NATURAL 07 CX;R$ 19,89 
TINTURA KOLESTON 40 CASTANHO MÉDIO;R$ 19,10 
TINTURA KOLESTON LOURO MEDIO 7/0 CX;R$ 19,10 
CREME DENTAL AQUAFRESH TRIPLE PRO 90G TB;R$ 5,49 
CREME DENTAL CLOSE UP VERMELHO 90G TB;R$ 1,92 
CREME DENTAL CLOSE-UP TRIPLE MENTA FRESCA 90G TB;R$ 1,92 
CREME DENTAL COLGATE TOTAL CLEAN MINT 90G TB;R$ 4,02 
CREME DENTAL COLGATE TRIPLA ACAO 90G 3200 TB;R$ 1,87 
CREME DENTAL SENSODYNE ORIGINAL 50G TB;R$ 8,44 
CREME DENTAL SORRISO BRANCO 90G TB;R$ 1,66 
CREME DENTAL SORRISO FRESH VERMELHO 90G TB;R$ 2,67 
CREME DENTEL COLGATE MÁXIMA PROTEÇÃO AC 90G TB;R$ 1,97 
ESCOVA DENTAL AQUAFRESH FLEX MEDIA UN;R$ 7,53 
ESCOVA DENTAL ORAL B ADVANTAGE PLUS 40 MACIA UN;R$ 10,45 
ESCOVA DENTAL ORAL B INDICATOR PLUS 35 MACIA UN;R$ 8,13 
ESCOVA DENTAL SORRISO KOLYNOS FLEXÍVEL MACIA UN;R$ 1,35 
FIO DENTAL ORAL B ESSENTIAL FLOSS 50M CT;R$ 8,20 
SOLUÇÃO ANTISSÉPTICO LISTERINE FRESHBURST 250ML FR;R$ 11,75 
SOLUÇÃO ANTISSÉPTICO PLAX FRESH MINT 250ML FR;R$ 10,70 
ALGODÃO YORK BOLAS 50G PT;R$ 3,78 
BASTONETES TOPZ C/75 CX;R$ 1,89 
CURATIVO BAND-AID C/40 UNID. CX;R$ 7,60 
GUARDANAPO SANTEPEL 33X30 C/50 PT;R$ 2,22 
HASTE FLEXIVEL COTONETES C/75 CX;R$ 2,61 
HASTE FLEXIVEL PALINETE YORK C/75 CX;R$ 1,83 
LENÇO DE PAPEL KISS C/75 CX;R$ 2,58 
PAPEL HIGIÊNICO CHARME C/4 PT;R$ 4,09 
PAPEL HIGIÊNICO NEVE NEUTRO FOLHA DUPLA C/4 PT;R$ 5,65 
PAPEL HIGIÊNICO NEVE NEUTRO FOLHA DUPLA C/8 PT;R$ 10,83 
PAPEL HIGIÊNICO PERSONAL FOLHA SIMPLES NEUTRO C/4 PT;R$ 3,61 
PAPEL HIGIÊNICO PERSONAL FOLHA SIMPLES NEUTRO C/8;R$ 8,16 
PAPEL HIGIÊNICO PERSONAL VIP FOLHA DUPLA NEUTRO C/4 PT;R$ 4,59 
PRESERVATIVO DE BOLSO JONTEX LUBR C/3 PT;R$ 3,46 
INSETICIDA AEROSOL BAYGON AÇÃO TOTAL 300ML TB;R$ 8,22 
INSETICIDA AEROSOL BAYGON MULTI PLUS 300ML TB;R$ 8,22 
INSETICIDA AEROSOL RAID AÇÃO TOTAL 300ML TB;R$ 8,22 
INSETICIDA AEROSOL RAID MULTI INSETOS 300ML TB;R$ 8,22 
INSETICIDA AEROSOL SBP MULTI 300ML TB;R$ 8,47 
INSETICIDA APARELHO ELETRICO RAID PROT 45 NOITES CX;R$ 10,68 
INSETICIDA REFIL RAID PROTECTOR 45 NOITES 33ML CX;R$ 9,39 
ACTIVIA TRADICIONAL 400G;R$ 4,71 
BEBIDA LÁCTEA COTOCHÉS MORANGO 540G C/06 BD;R$ 2,18 
BEBIDA LÁCTEA ITAMBÉ GOODY FRUTI 1L SC;R$ 3,15 
CREME CHANDELLE DE CHOCOLATE 220G C/2 BD;R$ 2,74 
CREME CHANDELLE DE CHOCOLATE BRANCO 220G C/2 BD;R$ 2,74 
CREME DANETTE DE CHOCOLATE 220G C/2 BD;R$ 3,03 
CREME DANETTE DE CHOCOLATE BRANCO 220G C/2 BD;R$ 3,14 
IOGURTE CORPUS MORANGO 400G C/4 BD;R$ 4,50 
IOGURTE FRUITO COM SUCO DE MORANGO 600G FR;R$ 3,91 
IOGURTE LIQUIDO BAN/MAC/MAM DANUP 180G C/1 UN;R$ 1,36 
IOGURTE LIQUIDO DE MORANGO DANUP 180G C/1 UN;R$ 1,36 
IOGURTE LIQUIDO DE MORANGO NINHO SOLEIL 180G UN;R$ 1,77 
IOGURTE NATURAL DESNATADO ITAMBÉ 185G UN;R$ 1,41 
IOGURTE NATURAL DESNATADO NESTLÉ 185G UN;R$ 1,56 
IOGURTE NATURAL DESNATADO PAULISTA 170G UN;R$ 1,38 
IOGURTE POLPA DE MORANGO DANONE 600G C/6 BD;R$ 3,67 
IOGURTE POLPA DE MORANGO NESTLÉ 540G C/6 BD;R$ 3,75 
IOGURTE POLPA DE MORANGO PAULISTA 120G C/6 BD;R$ 1,94 
IOGURTE POLPA FESTIVAL DE FRUTAS PAULISTA 600G C/6 BD;R$ 2,35 
IOGURTE POLPA NINHO SOLEIL 600G C/6 BD;R$ 4,50 
IOGURTE POLPA SABORES ITAMBÉ 600G C/6 BD;R$ 2,98 
IOGURTE POLPA SABORES NESTLÉ 720G C/6 BD;R$ 3,60 
LEITE FERMENTADO CHAMYTO 80ML C/6 BD;R$ 4,14 
LEITE FERMENTADO YAKULT 80ML C/6 BD;R$ 5,84 
PETIT BATAVINHO MORANGO 360G BD;R$ 3,34 
PETIT CHAMBINHO 360G C/8 BD;R$ 4,41 
PETIT DANONINHO MOR/MAM/BAN 360G BD;R$ 4,42 
PETIT ITAMBÉZINHO 360G BD;R$ 3,45 
ENERGÉTICO BURN ENERGY DRINK 260ML LT;R$ 4,57 
ENERGÉTICO DRINK RED BULL 250ML LT;R$ 6,49 
ENERGÉTICO FLYING HORSE 473ML LT;R$ 5,50 
ENERGÉTICO FUSION ENERGY DRINK 250ML LT;R$ 4,64 
ENERGÉTICO RED BULL Sugar Free 250ML LT;R$ 6,49 
GATORADE SABORES 500ML FR;R$ 2,62 
MARATHON SABORES 500ML FR;R$ 2,06 
ACHOCOLATADO DANETTE 200ML UN TP;R$ 3,43 
ACHOCOLATADO KAPO 200ML TP;R$ 1,17 
ACHOCOLATADO NESCAU PRONTINHO 200ML UN;R$ 1,34 
ACHOCOLATADO TODDYNHO TRADICIONAL 200ML UN TP;R$ 1,40 
BEBIDA LÁCTEA ACHOCOLATADA ITAMBYNHO 200ML UN. TP;R$ 1,46 
LEITE DESNATADO COTOCHÉS 1L TP;R$ 2,34 
LEITE DESNATADO PARMALAT 1L TP;R$ 2,11 
LEITE INTEGRAL BATAVO 1L TP;R$ 1,95 
LEITE INTEGRAL CEMIL 1L TP;R$ 2,29 
LEITE INTEGRAL COTOCHES 1L TP;R$ 2,32 
LEITE INTEGRAL ITAMBÉ 1L TP;R$ 2,23 
LEITE INTEGRAL PARMALAT 1L TP;R$ 2,26 
MAIONESE LIGHT ARISCO 500G PO;R$ 4,87 
MAIONESE LIGHT HELLMANNS 250G PO;R$ 4,02 
MAIONESE TRADICIONAL ARISCO 250G PO;R$ 2,07 
MAIONESE TRADICIONAL ARISCO 500G PO;R$ 4,34 
MAIONESE TRADICIONAL GOURMET 250G PO;R$ 2,18 
MAIONESE TRADICIONAL GOURMET 500G PO;R$ 2,69 
MAIONESE TRADICIONAL HELLMANNS 250G PO;R$ 3,65 
MAIONESE TRADICIONAL HELLMANNS 500G PO;R$ 5,32 
MAIONESE TRADICIONAL PRIMOR 500G VD;R$ 3,39 
MANTEIGA COTOCHES 500G;R$ 8,75 
MANTEIGA ITAMBÉ C/ SAL 200G PT;R$ 4,08 
MANTEIGA ITAMBÉ COM SAL 500G;R$ 9,60 
MARGARINA DELICIA 500G;R$ 3,61 
MARGARINA DORIANA 500G PT;R$ 3,83 
MARGARINA DORIANA LIGHT 500G;R$ 3,98 
MARGARINA QUALY C/ SAL 500G;R$ 4,37 
MARGARINA QUALY FIBRA COM SAL 500G PT;R$ 5,76 
MARGARINA QUALY LIGHT COM SAL 500G;R$ 5,27 
MARGARINA VEGETAL BECEL COM SAL 500G;R$ 5,35 
MARGARINA VEGETAL BECEL SEM SAL 500G;R$ 5,35 
MARGARINA VEGETAL DELICIA LIGHT 500G;R$ 3,94 
MARGARINA VEGETAL DELÍCIA MILA 500G;R$ 3,87 
MACARRÃO AVE MARIA COM OVOS SANTA AMALIA 500G PT;R$ 2,43 
MACARRÃO AVE MARIA MINI COM OVOS VILMA 500G PT;R$ 2,37 
MACARRÃO AVE MARIA SEMOLA SANTA AMALIA 500G PT;R$ 2,43 
MACARRÃO CASEIRO TALHARIM 2 OVOS S AMALIA 500G PT;R$ 2,44 
MACARRÃO CONCHINHA COM OVOS S AMALIA 500G PT;R$ 2,40 
MACARRÃO CONCHINHA COM OVOS VILMA 500G PT;R$ 2,37 
MACARRÃO ESPAGUETE 10 COM OVOS VILMA 500G PT;R$ 2,33 
MACARRÃO ESPAGUETE 8 COM OVOS S AMALIA 500G PT;R$ 2,43 
MACARRÃO ESPAGUETE 9 COM OVOS S AMALIA 500G PT;R$ 2,43 
MACARRÃO NINHO Nº1 S AMALIA 500G PT;R$ 3,13 
MACARRÃO PADRE NOSSO COM OVOS S AMALIA 500G PT;R$ 2,32 
MACARRÃO PAI NOSSO MINI COM OVOS VILMA 500G PT;R$ 2,37 
MACARRÃO PARAFUSO MINI COM OVOS VILMA 500G PT;R$ 2,39 
MASSA PARA LASANHA JOSELITO 500G PT;R$ 5,64 
MASSA PARA LASANHA MASSA LEVE 500G PT;R$ 5,30 
MASSA PARA LASANHA TIA MONA 500G PT;R$ 6,72 
MASSA PARA PASTEL MASSA LEVE 500G PT;R$ 4,54 
MASSA PARA PASTEL TIA MONA 500G PT;R$ 5,49 
MASSA PARA PIZZA JOSELITO C/2 280G PT;R$ 6,29 
MASSA PARA PIZZA MASSA LEVE 280G C/2 PT;R$ 5,13 
MASSA SADIA RAVIOLLI QUEIJO 400G PT;R$ 7,56 
MACARRÃO INSTANTANEO MAGGI SABORES 85G PT;R$ 0,84 
MACARRÃO INSTANTANEO MIOJO NISSIN LÁMEN SABORES 80G PT;R$ 1,00 
CAFÉ 3 CORAÇÕES 500G PT;R$ 6,97 
CAFÉ 3 CORAÇÕES EXTRA FORTE 500G PT;R$ 6,97 
CAFÉ BARÃO 500G PT;R$ 6,71 
CAFÉ CABOCLO 500G PT;R$ 6,96 
CAFÉ COM LEITE NESCAFÉ 330G LT;R$ 11,28 
CAFÉ FINO GRÃO EXTRA FORTE 500G PT;R$ 6,81 
CAFÉ FINO GRÃO TRADICIONAL 500G PT;R$ 6,81 
CAFÉ ITAMBÉ 500G PT;R$ 6,65 
CAFÉ MELITTA TRADICIONAL 500G CX;R$ 9,02 
CAFÉ PILÃO 500G PT;R$ 6,90 
CAFÉ SOLUVEL NESCAFÉ ORIGINAL 100G VD;R$ 7,98 
CAPPUCCINO 3 CORAÇÕES SCH 20G UN;R$ 1,20 
CAPPUCCINO CLASSIC 3 CORAÇÕES 400G FR;R$ 11,96 
CHÁ DE CAMOMILA LEAO c/15 15g CX;R$ 2,19 
CHÁ DE HORTELÃ OETKER 15G CX;R$ 5,77 
CHÁ DE LIMÃO MATE LEÃO 1,5L FR;R$ 4,74 
CHÁ DE LIMÃO NESTEA 1,5L FR;R$ 5,03 
CHÁ LIPTON ICE TEA LIMÃO 1500ML FR;R$ 4,75 
CHÁ MATTE LEÃO 100G;R$ 2,79 
CHÁ MATTE LEÃO 250g CX;R$ 5,59 
CHÁ MATTE LEÃO DE LIMÃO C/25SQ CX;R$ 3,64 
CHÁ MATTE LEÃO NATURAL 40G;R$ 3,64 
ACHOCOLATADO NESCAU C/ ACTIGEN-E 400G LT;R$ 5,37 
ACHOCOLATADO TODDY 400G PO;R$ 4,88 
ALIMENTO VITAMINADO MUCILON ARROZ 400G LT;R$ 8,80 
ALIMENTO VITAMINADO MUCILON MILHO 400G LT;R$ 8,84 
ALIMENTO VITAMINADO NESTON 3 CEREAIS 400G LT;R$ 9,27 
ALIMENTO VITAMINADO NESTON BAN PER MEL 400G LT;R$ 7,75 
ALIMENTO VITAMINADO NESTON MAÇA BAN MAM 400G LT;R$ 7,75 
ALIMENTO VITAMINADO SUSTAGEM BANANA 400G LT;R$ 36,32 
ALIMENTO VITAMINADO SUSTAGEM CHOCOLATE 400G LT;R$ 36,32 
ALIMENTO VITAMINADO SUSTAGEM MORANGO 400G LT;R$ 36,32 
AMIDO DE MILHO MAIZENA 500G CX;R$ 5,89 
AVEIA COMUM QUAKER 250G CX;R$ 2,88 
AVEIA COMUM QUAKER 500G LT;R$ 6,68 
AVEIA EM FLOCOS FINOS QUAKER 250G CX;R$ 3,10 
AVEIA EM FLOCOS YOKI 250G;R$ 2,86 
CEREAL CORN FLAKES NESTLÉ 240G CX;R$ 5,94 
CEREAL KELLOGGS CORN FLAKES 200G CX;R$ 6,01 
CEREAL KELLOGGS SUCRILHOS NAT 300G CX;R$ 7,89 
CEREAL NESTLÉ NESCAU 270G CX;R$ 8,16 
CHOCOLATE EM PÓ NESTLÉ 200G CX;R$ 8,65 
CREMOGEMA VITAMINADO DE MILHO VERDE MAIZENA 200G CX;R$ 3,23 
CREMOGEMA VITAMINADO DE MORANGO MAIZENA 200G CX;R$ 3,23 
CREMOGEMA VITAMINADO TRADICIONAL MAIZENA 200G CX;R$ 3,23 
FARINHA LÁCTEA NESTLÉ 400G LT;R$ 9,07 
LEITE EM PÓ Itambé Desnatado 300G LT;R$ 8,74 
LEITE EM PÓ Itambé Intergral INSTANTANEO VIT. 400G;R$ 8,48 
LEITE EM PÓ MOLICO DESNATADO 300G LT;R$ 11,22 
LEITE EM PÓ NAN 1 400G LT;R$ 28,19 
LEITE EM PÓ NAN 2 400G LT;R$ 22,50 
LEITE EM PÓ NESTOGENO 1 SEM 400G LT;R$ 20,25 
LEITE EM PÓ NESTOGENO 2 SEM 400G LT;R$ 17,79 
LEITE EM PÓ NINHO CRESCIMENTO PREBIO1 400G LT;R$ 12,05 
LEITE EM PÓ NINHO INSTANTANEO 400G LT;R$ 10,23 
LEITE EM PÓ NINHO INTEGRAL 400G LT;R$ 10,23 
FERMENTO EM PÓ ROYAL 100G LT;R$ 2,45 
MISTURA PARA BOLO DE CHOCOLATE/LARANJA VILMA 400G PT;R$ 2,26 
MISTURA PARA BOLO DE FUBA SOL 450G CX;R$ 3,22 
MISTURA PARA BOLO VILMA SABORES 400G PT;R$ 2,26 
ÓLEO DE SOJA LIZA 900ML FR;R$ 3,43 
ÓLEO DE SOJA SOYA 900ML FR;R$ 3,33 
ÓLEO COMPOSTO MARIA TRADICIONAL 500ML LT;R$ 5,40 
ÓLEO DE CANOLA LIZA 900ML FR;R$ 7,40 
ÓLEO DE GIRASSOL LIZA 900ML FR;R$ 6,26 
ÓLEO DE GIRASSOL MAZOLA 900ML FR;R$ 7,38 
ÓLEO DE GIRASSOL SALADA 900ML FR;R$ 5,58 
ÓLEO DE MILHO LIZA 900ML FR;R$ 6,39 
ÓLEO DE MILHO MAZOLA 900ML FR;R$ 7,94 
ÓLEO DE MILHO SALADA 900ML FR;R$ 5,48 
BISNAGUINHA SEVEN BOYS 300G PT;R$ 3,68 
BISNAGUINHA VITAMINADA SEVEN BOYS 300G PT;R$ 3,68 
BISNAGUINHA WICKBOLD 300G PT;R$ 3,64 
BOLO SEVEN BOYS SABORES 300G PT;R$ 4,94 
OVOS BRANCOS TIPO GRANDE DZ;R$ 4,74 
OVOS VERMELHOS TIPO GRANDE DZ;R$ 5,15 
PÃO DE FORMA LEITE BALDINI 450G PT;R$ 2,71 
PÃO DE FORMA SEVEN BOYS 500G PT;R$ 3,72 
PÃO DE FORMA SEVEN BOYS LIGHT 7 GRÃOS 300G PT;R$ 5,39 
PÃO DE FORMA WICKBOLD 500G PT;R$ 3,55 
PÃO DE FORMA WICKBOLD LIGHT 300G PT;R$ 5,33 
PÃO DE FORMA WICKBOLD LIGHT BREAD 430G PT;R$ 5,33 
PÃO DE LEITE SEVEN BOYS 500G PT;R$ 3,72 
PÃO FATIADO DE TRIGO INTEGRAL WICKBOLD 250G PT;R$ 5,34 
PÃO FRANCÊS - KG;R$ 8,51 
FILÉ DE SALMAO KG;R$ 30,50 
FILÉ DE SURUBIM KG;R$ 22,98 
PEIXE CORVINA KG;R$ 11,07 
PEIXE DOURADO POSTA KG;R$ 19,63 
PEIXE SALMAO POSTA KG;R$ 27,90 
PEIXE SARDINHA KG;R$ 5,87 
PEIXE SARDINHA LIMPA KG;R$ 12,44 
PEIXE SURUBIM KG;R$ 19,33 
PEIXE SURUBIM POSTA KG;R$ 26,82 
ALIMENTO PARA CÃES PEDIGREE JR PUPPY 330G LT;R$ 3,98 
ALIMENTO PARA GATO WHISKAS ATUM 340G LT;R$ 4,01 
RAÇÃO ALPO N.P.REF.CARNE 10,1KG PT;R$ 48,07 
RAÇÃO BIRIBA 3KG PT;R$ 14,93 
RAÇÃO FARO CARNE ADULTO 10,1KG PT;R$ 63,63 
RAÇÃO KANINA CARNE & OSSINHO 10,1KG PT;R$ 66,93 
RAÇÃO PEDIGREE CARNE & MARROWBONE 3KG PT;R$ 33,99 
RAÇÃO PEDIGREE CARNE VEGETAIS 10,1KG PT;R$ 75,26 
RAÇÃO PEDIGREE JUNIOR 3KG PT;R$ 33,73 
RAÇÃO WHISKAS PEIXE 1KG PT;R$ 14,20 
ALIMENTO INFANTIL NESTLÉ CARNE LEGUMES 170G PO;R$ 3,83 
ALIMENTO INFANTIL NESTLÉ ERV CEN BABY DUO 115G PO;R$ 3,84 
ALIMENTO INFANTIL NESTLÉ GALINHA E HORTALIÇA 115G PO;R$ 3,84 
COLONIA INFANTIL JOHNSON 100ML FR;R$ 18,36 
CONDICIONADOR INFANTIL JOHNSON 200ML FR;R$ 10,14 
LENÇO UMEDECIDO BABY WIPES AZUL UN;R$ 7,29 
LENÇO UMEDECIDO BABY WIPES REFIL C/100 PT;R$ 6,44 
ÓLEO INFANTIL JOHNSON NORMAL 200ML FR;R$ 22,28 
SABONETE INFANTIL FOFO MEL E PRÓPOLIS 90G TL;R$ 3,32 
SABONETE INFANTIL JOHNSON 80G TL;R$ 2,45 
SABONETE INFANTIL POMPOM HIDRATANTE 90G TL;R$ 2,51 
SHAMPOO INFANTIL JOHNSON 200ML FR;R$ 8,53 
TALCO INFANTIL JOHNSON 200G FR;R$ 10,55 
QUEIJO MINAS FRESCO DANUBIO C/1 500G PO;R$ 16,99 
QUEIJO MINAS FRESCO FRESCATINO C/2 500G PO;R$ 15,97 
QUEIJO POLENGUINHO PETIT C/4 80G PT;R$ 4,80 
QUEIJO PRATO POLENGHINHO FATIADO 144G PT;R$ 4,85 
QUEIJO PROVOLONE FATIADO POLENGHINHO 144G PT;R$ 4,85 
QUEIJO RALADO FAIXA AZUL VIGOR 100G PT;R$ 3,62 
REFRESCO CAMP SABORES 35G PT;R$ 0,54 
REFRESCO FRESH SABORES 25G PT;R$ 0,51 
REFRESCO MID SABORES 30G PT;R$ 0,73 
REFRESCO TANG SABORES 35G PT;R$ 0,90 
REFRESCO VILMA SABORES 240G PT;R$ 1,88 
REFRIGERANTE ANTARCTICA GUARANÁ 2L FR;R$ 4,10 
REFRIGERANTE ANTARCTICA GUARANÁ 350ML LT;R$ 1,46 
REFRIGERANTE ANTARCTICA GUARANÁ DIET 2L FR;R$ 4,10 
REFRIGERANTE ANTARCTICA GUARANÁ DIET 350ML LT;R$ 1,45 
REFRIGERANTE ANTARCTICA Soda Limonada 2L FR;R$ 3,44 
REFRIGERANTE COCA COLA 2L FR;R$ 4,73 
REFRIGERANTE COCA COLA 350ML LT;R$ 1,68 
REFRIGERANTE COCA COLA ZERO 2L FR;R$ 4,73 
REFRIGERANTE COCA COLA ZERO 350ML LT;R$ 1,68 
REFRIGERANTE DEL REY GUARANÁ 2L FR;R$ 2,66 
REFRIGERANTE DEL REY GUARANÁ LIGHT 2L FR;R$ 2,58 
REFRIGERANTE FANTA LARANJA 2L FR;R$ 3,87 
REFRIGERANTE FANTA LARANJA 350ML LT;R$ 1,50 
REFRIGERANTE FANTA LARANJA LIGHT 2L FR;R$ 3,80 
REFRIGERANTE FANTA UVA 2L FR;R$ 3,82 
REFRIGERANTE H2OH! LIMÃO 500ML FR;R$ 1,84 
REFRIGERANTE KUAT GUARANÁ 2L FR;R$ 2,94 
REFRIGERANTE KUAT GUARANÁ 350ML LT;R$ 1,19 
REFRIGERANTE KUAT GUARANÁ LIGHT ZERO 2L FR;R$ 2,82 
REFRIGERANTE KUAT GUARANÁ LIGHT ZERO 350ML LT;R$ 1,20 
REFRIGERANTE MATE COURO 2L FR;R$ 3,29 
REFRIGERANTE MATE COURO DIET 2L FR;R$ 3,29 
REFRIGERANTE PEPSI 2L FR;R$ 4,14 
REFRIGERANTE PEPSI 350ML LT;R$ 1,46 
REFRIGERANTE PEPSI LIGHT 2L FR;R$ 4,11 
REFRIGERANTE PEPSI LIGHT 350ML LT;R$ 1,46 
REFRIGERANTE PEPSI TWIST 2L FR;R$ 4,14 
REFRIGERANTE PEPSI TWIST 350ML LT;R$ 1,46 
REFRIGERANTE PEPSI TWIST LIGHT 2L FR;R$ 4,21 
REFRIGERANTE PEPSI TWIST LIGHT 350ML LT;R$ 1,46 
REFRIGERANTE SPRITE 2L FR;R$ 3,99 
REFRIGERANTE SPRITE 350ML LT;R$ 1,50 
REFRIGERANTE SPRITE ZERO 350ML LT;R$ 1,50 
REFRIGERANTE SUKITA BRAHMA 2L FR;R$ 3,40 
REFRIGERANTE SUKITA BRAHMA 350ML LT;R$ 1,42 
REQUEIJÃO COTOCHES 250G CP;R$ 3,90 
REQUEIJÃO DANONE POÇOS DE CALDAS 220G PO;R$ 3,58 
REQUEIJÃO DANONE POÇOS DE CALDAS LIGHT 220G PO;R$ 4,07 
REQUEIJÃO ITAMBÉ 250G VD;R$ 4,64 
REQUEIJÃO LIGHT ITAMBÉ 250G VD;R$ 5,27 
REQUEIJÃO NESTLÉ 220G PO;R$ 4,02 
REQUEIJÃO NESTLÉ LIGHT 220G PO;R$ 5,39 
Água SANITARIA BRILHANTE 1L FR;R$ 4,83 
ALVEJANTE BRILHANTE FLORAL 1L FR;R$ 4,75 
ALVEJANTE BRILHANTE FRESH 1L FR;R$ 4,75 
AMACIANTE DE ROUPA COMFORT AZUL 2L FR;R$ 8,48 
AMACIANTE DE ROUPA FOFO AZUL DO CÉU 2L FR;R$ 7,59 
AMACIANTE DE ROUPA MON BIJOU PUREZA 2L FR;R$ 5,72 
SABÃO BARRA ACE NATURALS 200G C/5 PT;R$ 6,22 
SABÃO GLICERINADO BICA CLEAR 200G C/5 PT;R$ 5,65 
SABÃO GLICERINADO MINUANO 200G C/5 PT;R$ 5,26 
SABÃO GLICERINADO YPE 200G C/5 PT;R$ 5,74 
SABONETE DOVE 90G TL;R$ 1,65 
SABONETE FRANCIS LUXO BRANCO 90G CX;R$ 0,99 
SABONETE LIFEBUOY LUXO NATURE 90G;R$ 1,53 
SABONETE LUX SUAVE PERFUME DE JASMIM E HIDRATANTES 90G TL;R$ 0,90 
SABONETE PALMOLIVE SUAVE MANTEIGA CACAU 90G TL;R$ 0,91 
SABONETE PHEBO ODOR DE ROSAS 90G TL;R$ 2,32 
SABONETE PROTEX SUAVE 90G TL;R$ 1,73 
SABONTE LÍQUIDO LUX 150ML;R$ 3,45 
BATATA CHIPS RUFFLES CEBOLA E SALSA 100G PT;R$ 4,09 
BATATA CHIPS RUFFLES CHURRASCO 100G PT;R$ 4,09 
BATATA CHIPS RUFFLES ORIGINAL 100G PT;R$ 4,09 
SALGADINHOS CHIPS BACONZITOS 55G PT;R$ 2,48 
SALGADINHOS CHIPS CEBOLITOS 66G PT;R$ 2,47 
SALGADINHOS CHIPS CHEETOS BOLA 55G PT;R$ 1,79 
SALGADINHOS CHIPS CHEETOS LUA 51G PT;R$ 1,79 
SALGADINHOS CHIPS DORITOS SABOR QUEIJO NACHO 55G PT;R$ 2,77 
SALGADINHOS CHIPS FANDANGOS SABOR PRESUNTO 66G PT;R$ 1,83 
SALGADINHOS CHIPS FANDANGOS SABOR QUEIJO 66G PT;R$ 1,83 
SALGADINHOS CHIPS STIKSY PALITO SALGADO 90G PT;R$ 2,76 
BACON EM FATIAS PERDIGÃO 250G CX;R$ 10,19 
BACON EM FATIAS SADIA 250G CX;R$ 12,26 
DESENTUPIDOR LIQUIDO DIABO VERDE 1L FR;R$ 22,26 
LÃ DE AÇO ASSOLAN C/8 PT;R$ 1,60 
LÃ DE AÇO BOMBRIL C/8 PT;R$ 1,72 
SAPOLIO EM PÓ RADIUM CLORO 300G FR;R$ 3,34 
SHAMPOO DOVE NORMAL 250ML FR;R$ 8,29 
SHAMPOO ELSEVE HYDRA MAX 250ML FR;R$ 8,44 
SHAMPOO FRUCTIS NORMAL 300ML FR;R$ 6,37 
SHAMPOO GOLD NIELY EXTRA BRILHO 300ML FR;R$ 7,58 
SHAMPOO MONANGE SEM SAL 350ML FR;R$ 4,54 
SHAMPOO OX PLANTS TODOS TIPOS DE CABELO 240ML FR;R$ 9,89 
SHAMPOO PALMOLIVE NATURALS NEUTRO 350ML FR;R$ 5,10 
SHAMPOO PANTENE 2X1 CUIDADO CLÁSSICO 200ML FR;R$ 9,81 
SHAMPOO PANTENE CUIDADO CLÁSSICO 200ML FR;R$ 9,81 
SHAMPOO PARA TINTURA CASTING PRONTO 10 CX;R$ 17,40 
SHAMPOO SEDA GUARANÁ ACTIVE 350ML FR;R$ 5,46 
CHANTI NEVE OTKER 50G CX;R$ 4,42 
COCO RALADO DUCOCO 100G PT;R$ 3,74 
COCO RALADO SOCOCO 100G PT;R$ 4,48 
GELATINA OETKER SABORES 45G CX;R$ 0,87 
GELATINA ROYAL SABORES 45G PCT;R$ 0,89 
LEITE DE COCO DUCOCO 200ML VD;R$ 2,91 
LEITE DE COCO SOCOCO 200ML VD;R$ 3,58 
PUDIM DE BAUNILHA ROYAL 85G PCT;R$ 1,75 
PUDIM DE CHOCOLATE ROYAL 70G PCT;R$ 1,75 
CALDO DE BACON ARISCO 57G TL;R$ 1,13 
CALDO DE BACON E LOURO KNORR 57G TL;R$ 1,32 
CALDO DE BACON MAGGI 63G TL;R$ 1,13 
CALDO DE CARNE ARISCO 57G TL;R$ 1,13 
CALDO DE CARNE KNORR 57G TL;R$ 1,24 
CALDO DE CARNE MAGGI 63G TL;R$ 1,20 
CALDO DE GALINHA CAIPIRA ARISCO 57G TL;R$ 1,13 
CALDO DE GALINHA KNORR 57G TL;R$ 1,24 
CALDO DE GALINHA MAGGI 63G TL;R$ 1,13 
CALDO DE LEGUMES KNORR 57G TL;R$ 1,24 
SOPA ARISCO DE CREME DE CEBOLA 68G PT;R$ 3,78 
SOPA KNORR CREMES DA NATUREZA DE CEBOLA 65G PT;R$ 4,37 
SOPA KNORR DE GALINHA COM FIDELINI 70G PT;R$ 4,37 
SOPA MAGGI CANJÃO 200G PT;R$ 4,96 
SOPA MAGGI CASA DE CARNE C/ ARGOLINHAS 102G PT;R$ 3,86 
SOPA MAGGI CASA DE GALINHA C/ LEGUMES 102G PT;R$ 3,86 
SOPA MAGGI DE CREME DE CEBOLA 68G PT;R$ 3,86 
SOPÃO KITANO CARNE 196G PT;R$ 4,51 
SOPÃO KITANO FEIJÃO 196G PT;R$ 4,66 
SOPÃO KITANO GALINHA 196G PT;R$ 4,66 
SOPÃO KNORR CANJÃO 190G PT;R$ 5,81 
SOPÃO KNORR DE CARNE 190G PT;R$ 5,77 
SOPÃO KNORR DE GALINHA 190G PT;R$ 5,77 
SOPÃO MAGGI DE CARNE MACARRÃO LEGUMES 200G PT;R$ 4,96 
SOPÃO MAGGI DE GALINHA MACARRÃO LEGUMES 200G PT;R$ 4,96 
SUCO CONC. DE ABACAXI DAFRUTA 500ML VD;R$ 5,03 
SUCO CONC. DE ABACAXI MAGUARY 500ML FR;R$ 5,27 
SUCO CONC. DE CAJÚ DAFRUTA 500ML VD;R$ 3,27 
SUCO CONC. DE CAJÚ MAGUARY 500ML FR;R$ 3,58 
SUCO CONC. DE LARANJA MAGUARY 500ML FR;R$ 5,41 
SUCO CONC. DE MANGA DAFRUTA 500ML VD;R$ 4,96 
SUCO CONC. DE MANGA MAGUARY 500ML FR;R$ 5,13 
SUCO CONC. DE MARACUJA DAFRUTA 500ML VD;R$ 5,50 
SUCO CONC. DE MARACUJA MAGUARY 500ML FR;R$ 6,17 
SUCO CONC. DE PESSEGO MAGUARY 500ML FR;R$ 5,29 
SUCO CONC. DE TANGERINA MAGUARY 500ML FR;R$ 5,25 
SUCO CONC. DE UVA DAFRUTA 500ML VD;R$ 4,90 
SUCO CONC. DE UVA MAGUARY 500ML FR;R$ 5,42 
SUCO PRONTO DE PESSEGO ADES 1L TP;R$ 4,21 
SUCO PRONTO DEL VALLE LIGHT SABORES 1L TP;R$ 5,14 
SUCO PRONTO DEL VALLE LIGHT SABORES 200ML UN TP;R$ 1,46 
SUCO PRONTO DEL VALLE LIGHT SABORES 335ML LT;R$ 2,69 
SUCO PRONTO DEL VALLE SABORES 1L TP;R$ 4,43 
SUCO PRONTO DEL VALLE SABORES 200ML UN TP;R$ 1,70 
SUCO PRONTO DEL VALLE SABORES 335ML LT;R$ 2,55 
SUCO PRONTO KAPO SABORES 200ML TP;R$ 1,27 
SUCO PRONTO TIAL SABORES 1L TP;R$ 2,99 
SUCO PRONTO TIAL SABORES 250ML TP;R$ 1,02 
TAFFMAN-E 110ML UN GF;R$ 2,72 
AGRIN BRANCO BELMONT 750ML FR;R$ 2,08 
AGRIN BRANCO TOSCANO 750ML FR;R$ 1,99 
AGRIN TINTO BELMONT 750ML FR;R$ 1,85 
AGRIN TINTO TOSCANO 750ML FR;R$ 1,79 
AMACIANTE DE CARNE MAGGI C TEMPERO 120G TB;R$ 5,93 
MOLHO DE PIMENTA KNORR 150ML;R$ 2,95 
MOLHO DE PIMENTA PIRATA 150ML VD;R$ 2,30 
MOLHO DE SOJA LIGHT SAKURA 150ML VD;R$ 9,09 
MOLHO DE SOJA TRADICIONAL SAKURA 150ML VD;R$ 8,84 
MOLHO DE SOJA TRADICIONAL SAKURA 500ML FR;R$ 13,30 
MOLHO INGLES PIRATA 150ML VD;R$ 2,16 
PIMENTA DO REINO EM PO PIRATA 40G TB;R$ 5,61 
SAL REFINADO CISNE 1KG PT;R$ 2,48 
TEMPERO COM ALHO E SAL PIRATA 1KG PO;R$ 6,09 
TEMPERO COMPLETO C/ PIMENTA ARISCO 300G PO;R$ 2,56 
TEMPERO COMPLETO C/ PIMENTA PIRATA 300G PO;R$ 2,51 
TEMPERO LARANJA SAZON 60G PT;R$ 3,22 
TEMPERO PARA SALADA SAZON 60G PT;R$ 3,22 
TEMPERO VERMELHO SAZON 60G PT;R$ 3,22 
ALFACE UN;R$ 1,63 
ALHO NACIONAL KG;R$ 11,71 
BATATA INGLESA KG;R$ 4,81 
BETERRABA KG;R$ 6,27 
CEBOLA BRANCA KG;R$ 5,15 
CENOURA VERMELHA KG;R$ 4,96 
CHUCHU KG;R$ 2,11 
COUVE FLOR UN;R$ 5,58 
MANDIOCA KG;R$ 3,28 
PIMENTAO VERDE KG;R$ 6,62 
QUIABO KG;R$ 4,04 
TOMATE COMUM KG;R$ 5,68 
CHAMPANHE M CHANDON BRUT 750ML GF;R$ 59,80 
CHAMPANHE MIOLO BRUT 750ML GF;R$ 38,91 
CHAMPANHE SALTON BRUT 750ML GF;R$ 24,50 
VINHO BRANCO ALMADEN UGNI BLANC 750ML GF;R$ 14,94 
VINHO BRANCO ARGENTINO CABERNET/ MERLOT TRIVENTO GF 750ml;R$ 33,87 
VINHO BRANCO CHILENO CHARDONNAY GATO NEGRO 750ml GF;R$ 24,59 
VINHO BRANCO LIEBFRAUMILCH NACIONAL 750ML GF;R$ 11,27 
VINHO BRANCO MARCUS JAMES RIESLING 750ML GF;R$ 17,96 
VINHO BRANCO MIOLO SELECAO 750ML GF;R$ 23,12 
VINHO CHILENO TINTO CABERNET CONCHA Y TORO 750ml GF;R$ 20,41 
VINHO TINTO ALMADEN CORDILHEIRA CABERNET 750ML GF;R$ 14,03 
VINHO TINTO ALMADEN CORDILHEIRA MERLOT 750ML GF;R$ 14,03 
VINHO TINTO ARGENTINO CALLIA ALTA CHARDONNAY 750ml GF;R$ 29,90 
VINHO TINTO CHAPINHA SUAVE 750ML GF;R$ 5,90 
VINHO TINTO CHILENO CABERNET GATO NEGRO 750ml GF;R$ 24,59 
VINHO TINTO CHILENO CABERNET SANTA HELENA 750ml GF;R$ 22,89 
VINHO TINTO DOM BOSCO SUAVE 880ML GF;R$ 7,23 
VINHO TINTO MARCUS JAMES CABERNET SAUVIGNON 750ML GF;R$ 17,85 
VINHO TINTO MIOLO SELECAO 750ML GF;R$ 23,12 
VINHO TINTO PERIQUITA 750ML GF;R$ 30,30 
VINHO TINTO SANGUE DE BOI SECO 750ML GF;R$ 8,69 
VINHO TINTO SANTA FELICIDADE SECO 720ML GF;R$ 7,98 
ORLOFF ICE 290ML GF;R$ 2,99 
SMIRNOFF ICE 275ML GF;R$ 3,39 
VODKA BANHAUS 900ML GF;R$ 8,28 
VODKA NATASHA 1L GF;R$ 12,93 
VODKA ORLOFF 1L GF;R$ 20,10 
VODKA SMIRNOFF 998ML GF;R$ 27,62 
Vodka Sueca ABSOLUT Garrafa 1 Litro;R$ 84,74 
WHISKY BALLANTINES 12A 1L GF;R$ 107,51 
WHISKY BALLANTINES 8A FINEST 1L GF;R$ 70,64 
WHISKY BELLS 1L GF;R$ 41,51 
WHISKY GRANTS 8A 1L GF;R$ 63,49 
WHISKY J&B 8A 1L GF;R$ 75,11 
WHISKY JOHNNIE WALKER BLACK LABEL 12A GF;R$ 121,74 
WHISKY JOHNNIE WALKER RED LABEL 8A 1L GF;R$ 80,08 
WHISKY OLD EIGHT 1L GF;R$ 31,87 
WHISKY PASSPORT 1L GF;R$ 45,15 
WHISKY TEACHERS 1L GF;R$ 47,23 
WHISKY WHITE HORSE 8A 1L GF;R$ 62,01 
